trial,timepoints,vdcc_c0,vdcc_c1,vdcc_c2,vdcc_c3,vdcc_o,ca_sum,ca
1000.0,9.001,60.0,5.0,0.0,0.0,0.0,9812.0,0.0
1000.0,9.002,60.0,5.0,0.0,0.0,0.0,9812.0,0.0
1000.0,9.003,60.0,5.0,0.0,0.0,0.0,9812.0,0.0
1000.0,9.004,60.0,5.0,0.0,0.0,0.0,9812.0,0.0
1000.0,9.005,59.0,6.0,0.0,0.0,0.0,9812.0,0.0
1000.0,9.006,59.0,6.0,0.0,0.0,0.0,9812.0,0.0
1000.0,9.007,59.0,6.0,0.0,0.0,0.0,9812.0,0.0
1000.0,9.008000000000001,59.0,6.0,0.0,0.0,0.0,9812.0,0.0
1000.0,9.009,59.0,6.0,0.0,0.0,0.0,9812.0,0.0
1000.0,9.01,59.0,6.0,0.0,0.0,0.0,9812.0,0.0
1000.0,9.011000000000001,58.0,7.0,0.0,0.0,0.0,9812.0,0.0
1000.0,9.012,58.0,7.0,0.0,0.0,0.0,9812.0,0.0
1000.0,9.013,58.0,7.0,0.0,0.0,0.0,9812.0,0.0
1000.0,9.014,58.0,7.0,0.0,0.0,0.0,9812.0,0.0
1000.0,9.015,58.0,6.0,1.0,0.0,0.0,9812.0,0.0
1000.0,9.016,58.0,6.0,1.0,0.0,0.0,9812.0,0.0
1000.0,9.017,58.0,6.0,1.0,0.0,0.0,9812.0,0.0
1000.0,9.018,59.0,5.0,1.0,0.0,0.0,9812.0,0.0
1000.0,9.019,59.0,5.0,1.0,0.0,0.0,9812.0,0.0
1000.0,9.02,59.0,5.0,1.0,0.0,0.0,9812.0,0.0
1000.0,9.021,59.0,5.0,1.0,0.0,0.0,9812.0,0.0
1000.0,9.022,60.0,4.0,1.0,0.0,0.0,9812.0,0.0
1000.0,9.023,60.0,4.0,1.0,0.0,0.0,9812.0,0.0
1000.0,9.024000000000001,60.0,4.0,1.0,0.0,0.0,9812.0,0.0
1000.0,9.025,60.0,5.0,0.0,0.0,0.0,9812.0,0.0
1000.0,9.026,60.0,5.0,0.0,0.0,0.0,9812.0,0.0
1000.0,9.027000000000001,60.0,5.0,0.0,0.0,0.0,9812.0,0.0
1000.0,9.028,60.0,5.0,0.0,0.0,0.0,9812.0,0.0
1000.0,9.029,60.0,5.0,0.0,0.0,0.0,9812.0,0.0
1000.0,9.03,60.0,5.0,0.0,0.0,0.0,9812.0,0.0
1000.0,9.031,61.0,4.0,0.0,0.0,0.0,9812.0,0.0
1000.0,9.032,59.0,6.0,0.0,0.0,0.0,9812.0,0.0
1000.0,9.033,59.0,6.0,0.0,0.0,0.0,9812.0,0.0
1000.0,9.034,59.0,6.0,0.0,0.0,0.0,9812.0,0.0
1000.0,9.035,61.0,4.0,0.0,0.0,0.0,9812.0,0.0
1000.0,9.036,61.0,4.0,0.0,0.0,0.0,9812.0,0.0
1000.0,9.037,61.0,4.0,0.0,0.0,0.0,9812.0,0.0
1000.0,9.038,62.0,3.0,0.0,0.0,0.0,9812.0,0.0
1000.0,9.039,62.0,3.0,0.0,0.0,0.0,9812.0,0.0
1000.0,9.040000000000001,62.0,3.0,0.0,0.0,0.0,9812.0,0.0
1000.0,9.041,62.0,3.0,0.0,0.0,0.0,9812.0,0.0
1000.0,9.042,62.0,3.0,0.0,0.0,0.0,9812.0,0.0
1000.0,9.043000000000001,62.0,3.0,0.0,0.0,0.0,9812.0,0.0
1000.0,9.044,62.0,3.0,0.0,0.0,0.0,9812.0,0.0
1000.0,9.045,62.0,3.0,0.0,0.0,0.0,9812.0,0.0
1000.0,9.046,62.0,3.0,0.0,0.0,0.0,9812.0,0.0
1000.0,9.047,62.0,3.0,0.0,0.0,0.0,9812.0,0.0
1000.0,9.048,62.0,3.0,0.0,0.0,0.0,9812.0,0.0
1000.0,9.049,62.0,3.0,0.0,0.0,0.0,9812.0,0.0
1000.0,9.05,63.0,2.0,0.0,0.0,0.0,9812.0,0.0
1000.0,9.051,63.0,2.0,0.0,0.0,0.0,9812.0,0.0
1000.0,9.052,63.0,2.0,0.0,0.0,0.0,9812.0,0.0
1000.0,9.053,63.0,2.0,0.0,0.0,0.0,9812.0,0.0
1000.0,9.054,62.0,3.0,0.0,0.0,0.0,9812.0,0.0
1000.0,9.055,62.0,3.0,0.0,0.0,0.0,9812.0,0.0
1000.0,9.056000000000001,62.0,3.0,0.0,0.0,0.0,9812.0,0.0
1000.0,9.057,62.0,3.0,0.0,0.0,0.0,9812.0,0.0
1000.0,9.058,62.0,3.0,0.0,0.0,0.0,9812.0,0.0
1000.0,9.059000000000001,62.0,3.0,0.0,0.0,0.0,9812.0,0.0
1000.0,9.06,62.0,3.0,0.0,0.0,0.0,9812.0,0.0
1000.0,9.061,62.0,3.0,0.0,0.0,0.0,9812.0,0.0
1000.0,9.062,62.0,3.0,0.0,0.0,0.0,9812.0,0.0
1000.0,9.063,62.0,3.0,0.0,0.0,0.0,9812.0,0.0
1000.0,9.064,64.0,1.0,0.0,0.0,0.0,9812.0,0.0
1000.0,9.065,64.0,1.0,0.0,0.0,0.0,9812.0,0.0
1000.0,9.066,64.0,1.0,0.0,0.0,0.0,9812.0,0.0
1000.0,9.067,63.0,2.0,0.0,0.0,0.0,9812.0,0.0
1000.0,9.068,63.0,2.0,0.0,0.0,0.0,9812.0,0.0
1000.0,9.069,63.0,2.0,0.0,0.0,0.0,9812.0,0.0
1000.0,9.07,62.0,3.0,0.0,0.0,0.0,9812.0,0.0
1000.0,9.071,62.0,3.0,0.0,0.0,0.0,9812.0,0.0
1000.0,9.072000000000001,62.0,3.0,0.0,0.0,0.0,9812.0,0.0
1000.0,9.073,62.0,3.0,0.0,0.0,0.0,9812.0,0.0
1000.0,9.074,62.0,3.0,0.0,0.0,0.0,9812.0,0.0
1000.0,9.075000000000001,63.0,2.0,0.0,0.0,0.0,9812.0,0.0
1000.0,9.076,63.0,2.0,0.0,0.0,0.0,9812.0,0.0
1000.0,9.077,63.0,2.0,0.0,0.0,0.0,9812.0,0.0
1000.0,9.078,63.0,2.0,0.0,0.0,0.0,9812.0,0.0
1000.0,9.079,63.0,2.0,0.0,0.0,0.0,9812.0,0.0
1000.0,9.08,63.0,2.0,0.0,0.0,0.0,9812.0,0.0
1000.0,9.081,62.0,3.0,0.0,0.0,0.0,9812.0,0.0
1000.0,9.082,61.0,4.0,0.0,0.0,0.0,9812.0,0.0
1000.0,9.083,61.0,4.0,0.0,0.0,0.0,9812.0,0.0
1000.0,9.084,61.0,4.0,0.0,0.0,0.0,9812.0,0.0
1000.0,9.085,61.0,4.0,0.0,0.0,0.0,9812.0,0.0
1000.0,9.086,61.0,4.0,0.0,0.0,0.0,9812.0,0.0
1000.0,9.087,61.0,4.0,0.0,0.0,0.0,9812.0,0.0
1000.0,9.088000000000001,61.0,4.0,0.0,0.0,0.0,9812.0,0.0
1000.0,9.089,60.0,5.0,0.0,0.0,0.0,9812.0,0.0
1000.0,9.09,59.0,6.0,0.0,0.0,0.0,9812.0,0.0
1000.0,9.091,59.0,6.0,0.0,0.0,0.0,9812.0,0.0
1000.0,9.092,59.0,6.0,0.0,0.0,0.0,9812.0,0.0
1000.0,9.093,59.0,6.0,0.0,0.0,0.0,9812.0,0.0
1000.0,9.094,59.0,6.0,0.0,0.0,0.0,9812.0,0.0
1000.0,9.095,59.0,6.0,0.0,0.0,0.0,9812.0,0.0
1000.0,9.096,59.0,6.0,0.0,0.0,0.0,9812.0,0.0
1000.0,9.097,60.0,5.0,0.0,0.0,0.0,9812.0,0.0
1000.0,9.098,60.0,5.0,0.0,0.0,0.0,9812.0,0.0
1000.0,9.099,60.0,5.0,0.0,0.0,0.0,9812.0,0.0
1000.0,9.1,60.0,5.0,0.0,0.0,0.0,9812.0,0.0
1000.0,9.101,59.0,6.0,0.0,0.0,0.0,9812.0,0.0
1000.0,9.102,59.0,6.0,0.0,0.0,0.0,9812.0,0.0
1000.0,9.103,59.0,6.0,0.0,0.0,0.0,9812.0,0.0
1000.0,9.104000000000001,59.0,6.0,0.0,0.0,0.0,9812.0,0.0
1000.0,9.105,58.0,7.0,0.0,0.0,0.0,9812.0,0.0
1000.0,9.106,58.0,7.0,0.0,0.0,0.0,9812.0,0.0
1000.0,9.107,58.0,7.0,0.0,0.0,0.0,9812.0,0.0
1000.0,9.108,58.0,7.0,0.0,0.0,0.0,9812.0,0.0
1000.0,9.109,58.0,7.0,0.0,0.0,0.0,9812.0,0.0
1000.0,9.11,58.0,7.0,0.0,0.0,0.0,9812.0,0.0
1000.0,9.111,59.0,6.0,0.0,0.0,0.0,9812.0,0.0
1000.0,9.112,59.0,6.0,0.0,0.0,0.0,9812.0,0.0
1000.0,9.113,59.0,6.0,0.0,0.0,0.0,9812.0,0.0
1000.0,9.114,59.0,6.0,0.0,0.0,0.0,9812.0,0.0
1000.0,9.115,59.0,6.0,0.0,0.0,0.0,9812.0,0.0
1000.0,9.116,59.0,6.0,0.0,0.0,0.0,9812.0,0.0
1000.0,9.117,59.0,6.0,0.0,0.0,0.0,9812.0,0.0
1000.0,9.118,59.0,6.0,0.0,0.0,0.0,9812.0,0.0
1000.0,9.119,59.0,6.0,0.0,0.0,0.0,9812.0,0.0
1000.0,9.120000000000001,59.0,6.0,0.0,0.0,0.0,9812.0,0.0
1000.0,9.121,58.0,7.0,0.0,0.0,0.0,9812.0,0.0
1000.0,9.122,57.0,8.0,0.0,0.0,0.0,9812.0,0.0
1000.0,9.123,57.0,8.0,0.0,0.0,0.0,9812.0,0.0
1000.0,9.124,57.0,8.0,0.0,0.0,0.0,9812.0,0.0
1000.0,9.125,57.0,8.0,0.0,0.0,0.0,9812.0,0.0
1000.0,9.126,57.0,8.0,0.0,0.0,0.0,9812.0,0.0
1000.0,9.127,56.0,9.0,0.0,0.0,0.0,9812.0,0.0
1000.0,9.128,56.0,9.0,0.0,0.0,0.0,9812.0,0.0
1000.0,9.129,56.0,9.0,0.0,0.0,0.0,9812.0,0.0
1000.0,9.13,56.0,9.0,0.0,0.0,0.0,9812.0,0.0
1000.0,9.131,56.0,9.0,0.0,0.0,0.0,9812.0,0.0
1000.0,9.132,55.0,10.0,0.0,0.0,0.0,9812.0,0.0
1000.0,9.133000000000001,55.0,10.0,0.0,0.0,0.0,9812.0,0.0
1000.0,9.134,55.0,10.0,0.0,0.0,0.0,9812.0,0.0
1000.0,9.135,55.0,10.0,0.0,0.0,0.0,9812.0,0.0
1000.0,9.136000000000001,56.0,9.0,0.0,0.0,0.0,9812.0,0.0
1000.0,9.137,56.0,9.0,0.0,0.0,0.0,9812.0,0.0
1000.0,9.138,55.0,10.0,0.0,0.0,0.0,9812.0,0.0
1000.0,9.139,55.0,10.0,0.0,0.0,0.0,9812.0,0.0
1000.0,9.14,55.0,10.0,0.0,0.0,0.0,9812.0,0.0
1000.0,9.141,56.0,9.0,0.0,0.0,0.0,9812.0,0.0
1000.0,9.142,56.0,9.0,0.0,0.0,0.0,9812.0,0.0
1000.0,9.143,55.0,10.0,0.0,0.0,0.0,9812.0,0.0
1000.0,9.144,55.0,10.0,0.0,0.0,0.0,9812.0,0.0
1000.0,9.145,55.0,10.0,0.0,0.0,0.0,9812.0,0.0
1000.0,9.146,55.0,10.0,0.0,0.0,0.0,9812.0,0.0
1000.0,9.147,55.0,10.0,0.0,0.0,0.0,9812.0,0.0
1000.0,9.148,56.0,9.0,0.0,0.0,0.0,9812.0,0.0
1000.0,9.149000000000001,56.0,9.0,0.0,0.0,0.0,9812.0,0.0
1000.0,9.15,56.0,9.0,0.0,0.0,0.0,9812.0,0.0
1000.0,9.151,56.0,9.0,0.0,0.0,0.0,9812.0,0.0
1000.0,9.152000000000001,56.0,9.0,0.0,0.0,0.0,9812.0,0.0
1000.0,9.153,57.0,8.0,0.0,0.0,0.0,9812.0,0.0
1000.0,9.154,57.0,8.0,0.0,0.0,0.0,9812.0,0.0
1000.0,9.155,57.0,8.0,0.0,0.0,0.0,9812.0,0.0
1000.0,9.156,57.0,8.0,0.0,0.0,0.0,9812.0,0.0
1000.0,9.157,57.0,8.0,0.0,0.0,0.0,9812.0,0.0
1000.0,9.158,57.0,8.0,0.0,0.0,0.0,9812.0,0.0
1000.0,9.159,56.0,9.0,0.0,0.0,0.0,9812.0,0.0
1000.0,9.16,57.0,8.0,0.0,0.0,0.0,9812.0,0.0
1000.0,9.161,57.0,8.0,0.0,0.0,0.0,9812.0,0.0
1000.0,9.162,57.0,8.0,0.0,0.0,0.0,9812.0,0.0
1000.0,9.163,57.0,8.0,0.0,0.0,0.0,9812.0,0.0
1000.0,9.164,56.0,9.0,0.0,0.0,0.0,9812.0,0.0
1000.0,9.165000000000001,56.0,9.0,0.0,0.0,0.0,9812.0,0.0
1000.0,9.166,56.0,9.0,0.0,0.0,0.0,9812.0,0.0
1000.0,9.167,56.0,9.0,0.0,0.0,0.0,9812.0,0.0
1000.0,9.168000000000001,56.0,9.0,0.0,0.0,0.0,9812.0,0.0
1000.0,9.169,56.0,9.0,0.0,0.0,0.0,9812.0,0.0
1000.0,9.17,56.0,9.0,0.0,0.0,0.0,9812.0,0.0
1000.0,9.171,56.0,9.0,0.0,0.0,0.0,9812.0,0.0
1000.0,9.172,56.0,9.0,0.0,0.0,0.0,9812.0,0.0
1000.0,9.173,56.0,9.0,0.0,0.0,0.0,9812.0,0.0
1000.0,9.174,56.0,9.0,0.0,0.0,0.0,9812.0,0.0
1000.0,9.175,56.0,9.0,0.0,0.0,0.0,9812.0,0.0
1000.0,9.176,56.0,8.0,1.0,0.0,0.0,9812.0,0.0
1000.0,9.177,56.0,8.0,1.0,0.0,0.0,9812.0,0.0
1000.0,9.178,57.0,7.0,1.0,0.0,0.0,9812.0,0.0
1000.0,9.179,57.0,7.0,1.0,0.0,0.0,9812.0,0.0
1000.0,9.18,57.0,7.0,1.0,0.0,0.0,9812.0,0.0
1000.0,9.181000000000001,57.0,7.0,1.0,0.0,0.0,9812.0,0.0
1000.0,9.182,57.0,7.0,1.0,0.0,0.0,9812.0,0.0
1000.0,9.183,57.0,8.0,0.0,0.0,0.0,9812.0,0.0
1000.0,9.184000000000001,58.0,7.0,0.0,0.0,0.0,9812.0,0.0
1000.0,9.185,58.0,7.0,0.0,0.0,0.0,9812.0,0.0
1000.0,9.186,58.0,7.0,0.0,0.0,0.0,9812.0,0.0
1000.0,9.187,58.0,7.0,0.0,0.0,0.0,9812.0,0.0
1000.0,9.188,58.0,7.0,0.0,0.0,0.0,9812.0,0.0
1000.0,9.189,59.0,6.0,0.0,0.0,0.0,9812.0,0.0
1000.0,9.19,60.0,5.0,0.0,0.0,0.0,9812.0,0.0
1000.0,9.191,59.0,6.0,0.0,0.0,0.0,9812.0,0.0
1000.0,9.192,59.0,6.0,0.0,0.0,0.0,9812.0,0.0
1000.0,9.193,58.0,7.0,0.0,0.0,0.0,9812.0,0.0
1000.0,9.194,58.0,7.0,0.0,0.0,0.0,9812.0,0.0
1000.0,9.195,58.0,7.0,0.0,0.0,0.0,9812.0,0.0
1000.0,9.196,59.0,6.0,0.0,0.0,0.0,9812.0,0.0
1000.0,9.197000000000001,59.0,6.0,0.0,0.0,0.0,9812.0,0.0
1000.0,9.198,59.0,6.0,0.0,0.0,0.0,9812.0,0.0
1000.0,9.199,59.0,6.0,0.0,0.0,0.0,9812.0,0.0
1000.0,9.200000000000001,60.0,5.0,0.0,0.0,0.0,9812.0,0.0
1000.0,9.201,60.0,5.0,0.0,0.0,0.0,9812.0,0.0
1000.0,9.202,60.0,5.0,0.0,0.0,0.0,9812.0,0.0
1000.0,9.203,60.0,5.0,0.0,0.0,0.0,9812.0,0.0
1000.0,9.204,59.0,6.0,0.0,0.0,0.0,9812.0,0.0
1000.0,9.205,59.0,6.0,0.0,0.0,0.0,9812.0,0.0
1000.0,9.206,59.0,6.0,0.0,0.0,0.0,9812.0,0.0
1000.0,9.207,59.0,6.0,0.0,0.0,0.0,9812.0,0.0
1000.0,9.208,59.0,6.0,0.0,0.0,0.0,9812.0,0.0
1000.0,9.209,59.0,6.0,0.0,0.0,0.0,9812.0,0.0
1000.0,9.21,59.0,6.0,0.0,0.0,0.0,9812.0,0.0
1000.0,9.211,59.0,6.0,0.0,0.0,0.0,9812.0,0.0
1000.0,9.212,59.0,6.0,0.0,0.0,0.0,9812.0,0.0
1000.0,9.213000000000001,59.0,6.0,0.0,0.0,0.0,9812.0,0.0
1000.0,9.214,59.0,6.0,0.0,0.0,0.0,9812.0,0.0
1000.0,9.215,59.0,6.0,0.0,0.0,0.0,9812.0,0.0
1000.0,9.216000000000001,59.0,6.0,0.0,0.0,0.0,9812.0,0.0
1000.0,9.217,58.0,7.0,0.0,0.0,0.0,9812.0,0.0
1000.0,9.218,59.0,6.0,0.0,0.0,0.0,9812.0,0.0
1000.0,9.219,59.0,6.0,0.0,0.0,0.0,9812.0,0.0
1000.0,9.22,59.0,6.0,0.0,0.0,0.0,9812.0,0.0
1000.0,9.221,59.0,6.0,0.0,0.0,0.0,9812.0,0.0
1000.0,9.222,60.0,5.0,0.0,0.0,0.0,9812.0,0.0
1000.0,9.223,60.0,5.0,0.0,0.0,0.0,9812.0,0.0
1000.0,9.224,59.0,6.0,0.0,0.0,0.0,9812.0,0.0
1000.0,9.225,59.0,6.0,0.0,0.0,0.0,9812.0,0.0
1000.0,9.226,59.0,6.0,0.0,0.0,0.0,9812.0,0.0
1000.0,9.227,59.0,6.0,0.0,0.0,0.0,9812.0,0.0
1000.0,9.228,59.0,6.0,0.0,0.0,0.0,9812.0,0.0
1000.0,9.229000000000001,59.0,6.0,0.0,0.0,0.0,9812.0,0.0
1000.0,9.23,59.0,6.0,0.0,0.0,0.0,9812.0,0.0
1000.0,9.231,59.0,6.0,0.0,0.0,0.0,9812.0,0.0
1000.0,9.232,59.0,6.0,0.0,0.0,0.0,9812.0,0.0
1000.0,9.233,59.0,6.0,0.0,0.0,0.0,9812.0,0.0
1000.0,9.234,59.0,6.0,0.0,0.0,0.0,9812.0,0.0
1000.0,9.235,59.0,6.0,0.0,0.0,0.0,9812.0,0.0
1000.0,9.236,59.0,6.0,0.0,0.0,0.0,9812.0,0.0
1000.0,9.237,60.0,5.0,0.0,0.0,0.0,9812.0,0.0
1000.0,9.238,60.0,5.0,0.0,0.0,0.0,9812.0,0.0
1000.0,9.239,60.0,5.0,0.0,0.0,0.0,9812.0,0.0
1000.0,9.24,60.0,5.0,0.0,0.0,0.0,9812.0,0.0
1000.0,9.241,60.0,5.0,0.0,0.0,0.0,9812.0,0.0
1000.0,9.242,60.0,5.0,0.0,0.0,0.0,9812.0,0.0
1000.0,9.243,60.0,5.0,0.0,0.0,0.0,9812.0,0.0
1000.0,9.244,60.0,5.0,0.0,0.0,0.0,9812.0,0.0
1000.0,9.245000000000001,60.0,5.0,0.0,0.0,0.0,9812.0,0.0
1000.0,9.246,60.0,5.0,0.0,0.0,0.0,9812.0,0.0
1000.0,9.247,60.0,5.0,0.0,0.0,0.0,9812.0,0.0
1000.0,9.248,60.0,4.0,1.0,0.0,0.0,9812.0,0.0
1000.0,9.249,61.0,3.0,1.0,0.0,0.0,9812.0,0.0
1000.0,9.25,62.0,2.0,1.0,0.0,0.0,9812.0,0.0
1000.0,9.251,63.0,1.0,1.0,0.0,0.0,9812.0,0.0
1000.0,9.252,63.0,1.0,1.0,0.0,0.0,9812.0,0.0
1000.0,9.253,63.0,1.0,1.0,0.0,0.0,9812.0,0.0
1000.0,9.254,63.0,1.0,1.0,0.0,0.0,9812.0,0.0
1000.0,9.255,62.0,3.0,0.0,0.0,0.0,9812.0,0.0
1000.0,9.256,62.0,3.0,0.0,0.0,0.0,9812.0,0.0
1000.0,9.257,61.0,4.0,0.0,0.0,0.0,9812.0,0.0
1000.0,9.258000000000001,62.0,3.0,0.0,0.0,0.0,9812.0,0.0
1000.0,9.259,62.0,3.0,0.0,0.0,0.0,9812.0,0.0
1000.0,9.26,62.0,3.0,0.0,0.0,0.0,9812.0,0.0
1000.0,9.261000000000001,61.0,4.0,0.0,0.0,0.0,9812.0,0.0
1000.0,9.262,61.0,4.0,0.0,0.0,0.0,9812.0,0.0
1000.0,9.263,61.0,4.0,0.0,0.0,0.0,9812.0,0.0
1000.0,9.264,59.0,6.0,0.0,0.0,0.0,9812.0,0.0
1000.0,9.265,59.0,6.0,0.0,0.0,0.0,9812.0,0.0
1000.0,9.266,59.0,6.0,0.0,0.0,0.0,9812.0,0.0
1000.0,9.267,59.0,6.0,0.0,0.0,0.0,9812.0,0.0
1000.0,9.268,58.0,7.0,0.0,0.0,0.0,9812.0,0.0
1000.0,9.269,57.0,8.0,0.0,0.0,0.0,9812.0,0.0
1000.0,9.27,58.0,7.0,0.0,0.0,0.0,9812.0,0.0
1000.0,9.271,58.0,7.0,0.0,0.0,0.0,9812.0,0.0
1000.0,9.272,58.0,7.0,0.0,0.0,0.0,9812.0,0.0
1000.0,9.273,58.0,7.0,0.0,0.0,0.0,9812.0,0.0
1000.0,9.274000000000001,58.0,7.0,0.0,0.0,0.0,9812.0,0.0
1000.0,9.275,59.0,6.0,0.0,0.0,0.0,9812.0,0.0
1000.0,9.276,58.0,7.0,0.0,0.0,0.0,9812.0,0.0
1000.0,9.277000000000001,59.0,6.0,0.0,0.0,0.0,9812.0,0.0
1000.0,9.278,59.0,6.0,0.0,0.0,0.0,9812.0,0.0
1000.0,9.279,59.0,6.0,0.0,0.0,0.0,9812.0,0.0
1000.0,9.28,60.0,5.0,0.0,0.0,0.0,9812.0,0.0
1000.0,9.281,60.0,5.0,0.0,0.0,0.0,9812.0,0.0
1000.0,9.282,60.0,5.0,0.0,0.0,0.0,9812.0,0.0
1000.0,9.283,60.0,5.0,0.0,0.0,0.0,9812.0,0.0
1000.0,9.284,60.0,5.0,0.0,0.0,0.0,9812.0,0.0
1000.0,9.285,60.0,5.0,0.0,0.0,0.0,9812.0,0.0
1000.0,9.286,60.0,5.0,0.0,0.0,0.0,9812.0,0.0
1000.0,9.287,60.0,5.0,0.0,0.0,0.0,9812.0,0.0
1000.0,9.288,60.0,5.0,0.0,0.0,0.0,9812.0,0.0
1000.0,9.289,60.0,5.0,0.0,0.0,0.0,9812.0,0.0
1000.0,9.290000000000001,59.0,6.0,0.0,0.0,0.0,9812.0,0.0
1000.0,9.291,58.0,6.0,1.0,0.0,0.0,9812.0,0.0
1000.0,9.292,58.0,6.0,1.0,0.0,0.0,9812.0,0.0
1000.0,9.293000000000001,58.0,6.0,1.0,0.0,0.0,9812.0,0.0
1000.0,9.294,58.0,6.0,1.0,0.0,0.0,9812.0,0.0
1000.0,9.295,59.0,5.0,1.0,0.0,0.0,9812.0,0.0
1000.0,9.296,59.0,5.0,1.0,0.0,0.0,9812.0,0.0
1000.0,9.297,59.0,5.0,1.0,0.0,0.0,9812.0,0.0
1000.0,9.298,60.0,4.0,1.0,0.0,0.0,9812.0,0.0
1000.0,9.299,60.0,4.0,1.0,0.0,0.0,9812.0,0.0
1000.0,9.3,60.0,4.0,1.0,0.0,0.0,9812.0,0.0
1000.0,9.301,60.0,4.0,1.0,0.0,0.0,9812.0,0.0
1000.0,9.302,60.0,4.0,1.0,0.0,0.0,9812.0,0.0
1000.0,9.303,60.0,4.0,1.0,0.0,0.0,9812.0,0.0
1000.0,9.304,60.0,4.0,1.0,0.0,0.0,9812.0,0.0
1000.0,9.305,60.0,4.0,1.0,0.0,0.0,9812.0,0.0
1000.0,9.306000000000001,60.0,4.0,1.0,0.0,0.0,9812.0,0.0
1000.0,9.307,60.0,4.0,1.0,0.0,0.0,9812.0,0.0
1000.0,9.308,60.0,4.0,1.0,0.0,0.0,9812.0,0.0
1000.0,9.309000000000001,60.0,3.0,2.0,0.0,0.0,9812.0,0.0
1000.0,9.31,60.0,2.0,3.0,0.0,0.0,9812.0,0.0
1000.0,9.311,59.0,3.0,3.0,0.0,0.0,9812.0,0.0
1000.0,9.312,59.0,4.0,2.0,0.0,0.0,9812.0,0.0
1000.0,9.313,58.0,5.0,2.0,0.0,0.0,9812.0,0.0
1000.0,9.314,58.0,5.0,2.0,0.0,0.0,9812.0,0.0
1000.0,9.315,58.0,5.0,2.0,0.0,0.0,9812.0,0.0
1000.0,9.316,58.0,6.0,1.0,0.0,0.0,9812.0,0.0
1000.0,9.317,58.0,6.0,1.0,0.0,0.0,9812.0,0.0
1000.0,9.318,57.0,7.0,1.0,0.0,0.0,9812.0,0.0
1000.0,9.319,57.0,7.0,1.0,0.0,0.0,9812.0,0.0
1000.0,9.32,57.0,7.0,1.0,0.0,0.0,9812.0,0.0
1000.0,9.321,58.0,6.0,1.0,0.0,0.0,9812.0,0.0
1000.0,9.322000000000001,58.0,6.0,1.0,0.0,0.0,9812.0,0.0
1000.0,9.323,57.0,7.0,1.0,0.0,0.0,9812.0,0.0
1000.0,9.324,57.0,7.0,1.0,0.0,0.0,9812.0,0.0
1000.0,9.325000000000001,57.0,7.0,1.0,0.0,0.0,9812.0,0.0
1000.0,9.326,57.0,7.0,1.0,0.0,0.0,9812.0,0.0
1000.0,9.327,58.0,6.0,1.0,0.0,0.0,9812.0,0.0
1000.0,9.328,58.0,6.0,1.0,0.0,0.0,9812.0,0.0
1000.0,9.329,58.0,6.0,1.0,0.0,0.0,9812.0,0.0
1000.0,9.33,58.0,6.0,1.0,0.0,0.0,9812.0,0.0
1000.0,9.331,58.0,7.0,0.0,0.0,0.0,9812.0,0.0
1000.0,9.332,58.0,7.0,0.0,0.0,0.0,9812.0,0.0
1000.0,9.333,57.0,8.0,0.0,0.0,0.0,9812.0,0.0
1000.0,9.334,57.0,8.0,0.0,0.0,0.0,9812.0,0.0
1000.0,9.335,57.0,8.0,0.0,0.0,0.0,9812.0,0.0
1000.0,9.336,58.0,7.0,0.0,0.0,0.0,9812.0,0.0
1000.0,9.337,59.0,6.0,0.0,0.0,0.0,9812.0,0.0
1000.0,9.338000000000001,59.0,6.0,0.0,0.0,0.0,9812.0,0.0
1000.0,9.339,59.0,6.0,0.0,0.0,0.0,9812.0,0.0
1000.0,9.34,59.0,6.0,0.0,0.0,0.0,9812.0,0.0
1000.0,9.341000000000001,59.0,6.0,0.0,0.0,0.0,9812.0,0.0
1000.0,9.342,60.0,5.0,0.0,0.0,0.0,9812.0,0.0
1000.0,9.343,61.0,4.0,0.0,0.0,0.0,9812.0,0.0
1000.0,9.344,60.0,5.0,0.0,0.0,0.0,9812.0,0.0
1000.0,9.345,60.0,5.0,0.0,0.0,0.0,9812.0,0.0
1000.0,9.346,61.0,4.0,0.0,0.0,0.0,9812.0,0.0
1000.0,9.347,61.0,4.0,0.0,0.0,0.0,9812.0,0.0
1000.0,9.348,62.0,3.0,0.0,0.0,0.0,9812.0,0.0
1000.0,9.349,63.0,2.0,0.0,0.0,0.0,9812.0,0.0
1000.0,9.35,63.0,2.0,0.0,0.0,0.0,9812.0,0.0
1000.0,9.351,63.0,2.0,0.0,0.0,0.0,9812.0,0.0
1000.0,9.352,63.0,2.0,0.0,0.0,0.0,9812.0,0.0
1000.0,9.353,63.0,2.0,0.0,0.0,0.0,9812.0,0.0
1000.0,9.354000000000001,62.0,3.0,0.0,0.0,0.0,9812.0,0.0
1000.0,9.355,62.0,3.0,0.0,0.0,0.0,9812.0,0.0
1000.0,9.356,62.0,3.0,0.0,0.0,0.0,9812.0,0.0
1000.0,9.357,63.0,2.0,0.0,0.0,0.0,9812.0,0.0
1000.0,9.358,63.0,2.0,0.0,0.0,0.0,9812.0,0.0
1000.0,9.359,63.0,2.0,0.0,0.0,0.0,9812.0,0.0
1000.0,9.36,62.0,3.0,0.0,0.0,0.0,9812.0,0.0
1000.0,9.361,62.0,3.0,0.0,0.0,0.0,9812.0,0.0
1000.0,9.362,62.0,3.0,0.0,0.0,0.0,9812.0,0.0
1000.0,9.363,62.0,3.0,0.0,0.0,0.0,9812.0,0.0
1000.0,9.364,62.0,3.0,0.0,0.0,0.0,9812.0,0.0
1000.0,9.365,62.0,3.0,0.0,0.0,0.0,9812.0,0.0
1000.0,9.366,62.0,3.0,0.0,0.0,0.0,9812.0,0.0
1000.0,9.367,62.0,3.0,0.0,0.0,0.0,9812.0,0.0
1000.0,9.368,62.0,3.0,0.0,0.0,0.0,9812.0,0.0
1000.0,9.369,62.0,3.0,0.0,0.0,0.0,9812.0,0.0
1000.0,9.370000000000001,62.0,3.0,0.0,0.0,0.0,9812.0,0.0
1000.0,9.371,63.0,2.0,0.0,0.0,0.0,9812.0,0.0
1000.0,9.372,63.0,2.0,0.0,0.0,0.0,9812.0,0.0
1000.0,9.373,63.0,2.0,0.0,0.0,0.0,9812.0,0.0
1000.0,9.374,63.0,2.0,0.0,0.0,0.0,9812.0,0.0
1000.0,9.375,63.0,2.0,0.0,0.0,0.0,9812.0,0.0
1000.0,9.376,63.0,2.0,0.0,0.0,0.0,9812.0,0.0
1000.0,9.377,63.0,2.0,0.0,0.0,0.0,9812.0,0.0
1000.0,9.378,63.0,2.0,0.0,0.0,0.0,9812.0,0.0
1000.0,9.379,63.0,2.0,0.0,0.0,0.0,9812.0,0.0
1000.0,9.38,63.0,2.0,0.0,0.0,0.0,9812.0,0.0
1000.0,9.381,63.0,2.0,0.0,0.0,0.0,9812.0,0.0
1000.0,9.382,63.0,2.0,0.0,0.0,0.0,9812.0,0.0
1000.0,9.383000000000001,63.0,2.0,0.0,0.0,0.0,9812.0,0.0
1000.0,9.384,63.0,2.0,0.0,0.0,0.0,9812.0,0.0
1000.0,9.385,63.0,2.0,0.0,0.0,0.0,9812.0,0.0
1000.0,9.386000000000001,63.0,2.0,0.0,0.0,0.0,9812.0,0.0
1000.0,9.387,62.0,3.0,0.0,0.0,0.0,9812.0,0.0
1000.0,9.388,62.0,3.0,0.0,0.0,0.0,9812.0,0.0
1000.0,9.389,62.0,3.0,0.0,0.0,0.0,9812.0,0.0
1000.0,9.39,62.0,3.0,0.0,0.0,0.0,9812.0,0.0
1000.0,9.391,62.0,3.0,0.0,0.0,0.0,9812.0,0.0
1000.0,9.392,61.0,4.0,0.0,0.0,0.0,9812.0,0.0
1000.0,9.393,61.0,4.0,0.0,0.0,0.0,9812.0,0.0
1000.0,9.394,61.0,4.0,0.0,0.0,0.0,9812.0,0.0
1000.0,9.395,61.0,4.0,0.0,0.0,0.0,9812.0,0.0
1000.0,9.396,61.0,4.0,0.0,0.0,0.0,9812.0,0.0
1000.0,9.397,61.0,4.0,0.0,0.0,0.0,9812.0,0.0
1000.0,9.398,60.0,5.0,0.0,0.0,0.0,9812.0,0.0
1000.0,9.399000000000001,60.0,5.0,0.0,0.0,0.0,9812.0,0.0
1000.0,9.4,60.0,5.0,0.0,0.0,0.0,9812.0,0.0
1000.0,9.401,60.0,5.0,0.0,0.0,0.0,9812.0,0.0
1000.0,9.402000000000001,60.0,5.0,0.0,0.0,0.0,9812.0,0.0
1000.0,9.403,61.0,4.0,0.0,0.0,0.0,9812.0,0.0
1000.0,9.404,61.0,3.0,1.0,0.0,0.0,9812.0,0.0
1000.0,9.405,61.0,3.0,1.0,0.0,0.0,9812.0,0.0
1000.0,9.406,61.0,3.0,1.0,0.0,0.0,9812.0,0.0
1000.0,9.407,61.0,3.0,1.0,0.0,0.0,9812.0,0.0
1000.0,9.408,60.0,4.0,1.0,0.0,0.0,9812.0,0.0
1000.0,9.409,60.0,4.0,1.0,0.0,0.0,9812.0,0.0
1000.0,9.41,60.0,4.0,1.0,0.0,0.0,9812.0,0.0
1000.0,9.411,60.0,4.0,1.0,0.0,0.0,9812.0,0.0
1000.0,9.412,60.0,4.0,1.0,0.0,0.0,9812.0,0.0
1000.0,9.413,60.0,4.0,1.0,0.0,0.0,9812.0,0.0
1000.0,9.414,60.0,4.0,1.0,0.0,0.0,9812.0,0.0
1000.0,9.415000000000001,60.0,5.0,0.0,0.0,0.0,9812.0,0.0
1000.0,9.416,60.0,5.0,0.0,0.0,0.0,9812.0,0.0
1000.0,9.417,60.0,5.0,0.0,0.0,0.0,9812.0,0.0
1000.0,9.418000000000001,60.0,5.0,0.0,0.0,0.0,9812.0,0.0
1000.0,9.419,60.0,5.0,0.0,0.0,0.0,9812.0,0.0
1000.0,9.42,60.0,5.0,0.0,0.0,0.0,9812.0,0.0
1000.0,9.421,61.0,4.0,0.0,0.0,0.0,9812.0,0.0
1000.0,9.422,61.0,4.0,0.0,0.0,0.0,9812.0,0.0
1000.0,9.423,61.0,4.0,0.0,0.0,0.0,9812.0,0.0
1000.0,9.424,60.0,5.0,0.0,0.0,0.0,9812.0,0.0
1000.0,9.425,60.0,5.0,0.0,0.0,0.0,9812.0,0.0
1000.0,9.426,60.0,5.0,0.0,0.0,0.0,9812.0,0.0
1000.0,9.427,60.0,5.0,0.0,0.0,0.0,9812.0,0.0
1000.0,9.428,59.0,6.0,0.0,0.0,0.0,9812.0,0.0
1000.0,9.429,59.0,6.0,0.0,0.0,0.0,9812.0,0.0
1000.0,9.43,59.0,6.0,0.0,0.0,0.0,9812.0,0.0
1000.0,9.431000000000001,59.0,6.0,0.0,0.0,0.0,9812.0,0.0
1000.0,9.432,59.0,6.0,0.0,0.0,0.0,9812.0,0.0
1000.0,9.433,61.0,4.0,0.0,0.0,0.0,9812.0,0.0
1000.0,9.434000000000001,61.0,4.0,0.0,0.0,0.0,9812.0,0.0
1000.0,9.435,61.0,4.0,0.0,0.0,0.0,9812.0,0.0
1000.0,9.436,61.0,4.0,0.0,0.0,0.0,9812.0,0.0
1000.0,9.437,59.0,6.0,0.0,0.0,0.0,9812.0,0.0
1000.0,9.438,59.0,6.0,0.0,0.0,0.0,9812.0,0.0
1000.0,9.439,59.0,6.0,0.0,0.0,0.0,9812.0,0.0
1000.0,9.44,59.0,6.0,0.0,0.0,0.0,9812.0,0.0
1000.0,9.441,59.0,6.0,0.0,0.0,0.0,9812.0,0.0
1000.0,9.442,58.0,7.0,0.0,0.0,0.0,9812.0,0.0
1000.0,9.443,58.0,7.0,0.0,0.0,0.0,9812.0,0.0
1000.0,9.444,57.0,8.0,0.0,0.0,0.0,9812.0,0.0
1000.0,9.445,57.0,8.0,0.0,0.0,0.0,9812.0,0.0
1000.0,9.446,57.0,8.0,0.0,0.0,0.0,9812.0,0.0
1000.0,9.447000000000001,57.0,8.0,0.0,0.0,0.0,9812.0,0.0
1000.0,9.448,57.0,8.0,0.0,0.0,0.0,9812.0,0.0
1000.0,9.449,57.0,8.0,0.0,0.0,0.0,9812.0,0.0
1000.0,9.450000000000001,57.0,8.0,0.0,0.0,0.0,9812.0,0.0
1000.0,9.451,57.0,8.0,0.0,0.0,0.0,9812.0,0.0
1000.0,9.452,57.0,8.0,0.0,0.0,0.0,9812.0,0.0
1000.0,9.453,57.0,8.0,0.0,0.0,0.0,9812.0,0.0
1000.0,9.454,56.0,9.0,0.0,0.0,0.0,9812.0,0.0
1000.0,9.455,56.0,9.0,0.0,0.0,0.0,9812.0,0.0
1000.0,9.456,55.0,10.0,0.0,0.0,0.0,9812.0,0.0
1000.0,9.457,55.0,10.0,0.0,0.0,0.0,9812.0,0.0
1000.0,9.458,55.0,10.0,0.0,0.0,0.0,9812.0,0.0
1000.0,9.459,55.0,10.0,0.0,0.0,0.0,9812.0,0.0
1000.0,9.46,55.0,10.0,0.0,0.0,0.0,9812.0,0.0
1000.0,9.461,55.0,10.0,0.0,0.0,0.0,9812.0,0.0
1000.0,9.462,55.0,10.0,0.0,0.0,0.0,9812.0,0.0
1000.0,9.463000000000001,55.0,10.0,0.0,0.0,0.0,9812.0,0.0
1000.0,9.464,55.0,10.0,0.0,0.0,0.0,9812.0,0.0
1000.0,9.465,55.0,10.0,0.0,0.0,0.0,9812.0,0.0
1000.0,9.466000000000001,55.0,10.0,0.0,0.0,0.0,9812.0,0.0
1000.0,9.467,54.0,11.0,0.0,0.0,0.0,9812.0,0.0
1000.0,9.468,54.0,11.0,0.0,0.0,0.0,9812.0,0.0
1000.0,9.469,53.0,12.0,0.0,0.0,0.0,9812.0,0.0
1000.0,9.47,53.0,12.0,0.0,0.0,0.0,9812.0,0.0
1000.0,9.471,53.0,12.0,0.0,0.0,0.0,9812.0,0.0
1000.0,9.472,53.0,12.0,0.0,0.0,0.0,9812.0,0.0
1000.0,9.473,53.0,12.0,0.0,0.0,0.0,9812.0,0.0
1000.0,9.474,53.0,12.0,0.0,0.0,0.0,9812.0,0.0
1000.0,9.475,53.0,12.0,0.0,0.0,0.0,9812.0,0.0
1000.0,9.476,53.0,12.0,0.0,0.0,0.0,9812.0,0.0
1000.0,9.477,53.0,12.0,0.0,0.0,0.0,9812.0,0.0
1000.0,9.478,53.0,12.0,0.0,0.0,0.0,9812.0,0.0
1000.0,9.479000000000001,53.0,12.0,0.0,0.0,0.0,9812.0,0.0
1000.0,9.48,53.0,12.0,0.0,0.0,0.0,9812.0,0.0
1000.0,9.481,53.0,12.0,0.0,0.0,0.0,9812.0,0.0
1000.0,9.482,54.0,11.0,0.0,0.0,0.0,9812.0,0.0
1000.0,9.483,54.0,11.0,0.0,0.0,0.0,9812.0,0.0
1000.0,9.484,54.0,11.0,0.0,0.0,0.0,9812.0,0.0
1000.0,9.485,54.0,11.0,0.0,0.0,0.0,9812.0,0.0
1000.0,9.486,54.0,11.0,0.0,0.0,0.0,9812.0,0.0
1000.0,9.487,54.0,10.0,1.0,0.0,0.0,9812.0,0.0
1000.0,9.488,54.0,10.0,1.0,0.0,0.0,9812.0,0.0
1000.0,9.489,54.0,10.0,1.0,0.0,0.0,9812.0,0.0
1000.0,9.49,55.0,9.0,1.0,0.0,0.0,9812.0,0.0
1000.0,9.491,55.0,9.0,1.0,0.0,0.0,9812.0,0.0
1000.0,9.492,55.0,9.0,1.0,0.0,0.0,9812.0,0.0
1000.0,9.493,55.0,9.0,1.0,0.0,0.0,9812.0,0.0
1000.0,9.494,56.0,9.0,0.0,0.0,0.0,9812.0,0.0
1000.0,9.495000000000001,56.0,9.0,0.0,0.0,0.0,9812.0,0.0
1000.0,9.496,56.0,9.0,0.0,0.0,0.0,9812.0,0.0
1000.0,9.497,56.0,9.0,0.0,0.0,0.0,9812.0,0.0
1000.0,9.498,57.0,8.0,0.0,0.0,0.0,9812.0,0.0
1000.0,9.499,57.0,8.0,0.0,0.0,0.0,9812.0,0.0
1000.0,9.5,57.0,8.0,0.0,0.0,0.0,9812.0,0.0
1000.0,9.501,57.0,8.0,0.0,0.0,0.0,9812.0,0.0
1000.0,9.502,57.0,8.0,0.0,0.0,0.0,9812.0,0.0
1000.0,9.503,57.0,8.0,0.0,0.0,0.0,9812.0,0.0
1000.0,9.504,56.0,9.0,0.0,0.0,0.0,9812.0,0.0
1000.0,9.505,57.0,8.0,0.0,0.0,0.0,9812.0,0.0
1000.0,9.506,57.0,8.0,0.0,0.0,0.0,9812.0,0.0
1000.0,9.507,57.0,8.0,0.0,0.0,0.0,9812.0,0.0
1000.0,9.508000000000001,57.0,8.0,0.0,0.0,0.0,9812.0,0.0
1000.0,9.509,56.0,9.0,0.0,0.0,0.0,9812.0,0.0
1000.0,9.51,56.0,9.0,0.0,0.0,0.0,9812.0,0.0
1000.0,9.511000000000001,56.0,9.0,0.0,0.0,0.0,9812.0,0.0
1000.0,9.512,57.0,8.0,0.0,0.0,0.0,9812.0,0.0
1000.0,9.513,58.0,7.0,0.0,0.0,0.0,9812.0,0.0
1000.0,9.514,58.0,7.0,0.0,0.0,0.0,9812.0,0.0
1000.0,9.515,58.0,7.0,0.0,0.0,0.0,9812.0,0.0
1000.0,9.516,59.0,6.0,0.0,0.0,0.0,9812.0,0.0
1000.0,9.517,59.0,6.0,0.0,0.0,0.0,9812.0,0.0
1000.0,9.518,59.0,6.0,0.0,0.0,0.0,9812.0,0.0
1000.0,9.519,59.0,6.0,0.0,0.0,0.0,9812.0,0.0
1000.0,9.52,59.0,6.0,0.0,0.0,0.0,9812.0,0.0
1000.0,9.521,59.0,6.0,0.0,0.0,0.0,9812.0,0.0
1000.0,9.522,58.0,7.0,0.0,0.0,0.0,9812.0,0.0
1000.0,9.523,58.0,7.0,0.0,0.0,0.0,9812.0,0.0
1000.0,9.524000000000001,58.0,7.0,0.0,0.0,0.0,9812.0,0.0
1000.0,9.525,58.0,7.0,0.0,0.0,0.0,9812.0,0.0
1000.0,9.526,58.0,7.0,0.0,0.0,0.0,9812.0,0.0
1000.0,9.527000000000001,58.0,7.0,0.0,0.0,0.0,9812.0,0.0
1000.0,9.528,58.0,7.0,0.0,0.0,0.0,9812.0,0.0
1000.0,9.529,56.0,9.0,0.0,0.0,0.0,9812.0,0.0
1000.0,9.53,56.0,9.0,0.0,0.0,0.0,9812.0,0.0
1000.0,9.531,56.0,9.0,0.0,0.0,0.0,9812.0,0.0
1000.0,9.532,56.0,9.0,0.0,0.0,0.0,9812.0,0.0
1000.0,9.533,55.0,10.0,0.0,0.0,0.0,9812.0,0.0
1000.0,9.534,56.0,9.0,0.0,0.0,0.0,9812.0,0.0
1000.0,9.535,57.0,8.0,0.0,0.0,0.0,9812.0,0.0
1000.0,9.536,57.0,8.0,0.0,0.0,0.0,9812.0,0.0
1000.0,9.537,57.0,8.0,0.0,0.0,0.0,9812.0,0.0
1000.0,9.538,56.0,9.0,0.0,0.0,0.0,9812.0,0.0
1000.0,9.539,55.0,10.0,0.0,0.0,0.0,9812.0,0.0
1000.0,9.540000000000001,55.0,10.0,0.0,0.0,0.0,9812.0,0.0
1000.0,9.541,54.0,11.0,0.0,0.0,0.0,9812.0,0.0
1000.0,9.542,55.0,10.0,0.0,0.0,0.0,9812.0,0.0
1000.0,9.543000000000001,55.0,10.0,0.0,0.0,0.0,9812.0,0.0
1000.0,9.544,55.0,10.0,0.0,0.0,0.0,9812.0,0.0
1000.0,9.545,56.0,9.0,0.0,0.0,0.0,9812.0,0.0
1000.0,9.546,56.0,9.0,0.0,0.0,0.0,9812.0,0.0
1000.0,9.547,56.0,9.0,0.0,0.0,0.0,9812.0,0.0
1000.0,9.548,56.0,9.0,0.0,0.0,0.0,9812.0,0.0
1000.0,9.549,56.0,9.0,0.0,0.0,0.0,9812.0,0.0
1000.0,9.55,56.0,9.0,0.0,0.0,0.0,9812.0,0.0
1000.0,9.551,57.0,8.0,0.0,0.0,0.0,9812.0,0.0
1000.0,9.552,57.0,8.0,0.0,0.0,0.0,9812.0,0.0
1000.0,9.553,56.0,9.0,0.0,0.0,0.0,9812.0,0.0
1000.0,9.554,56.0,9.0,0.0,0.0,0.0,9812.0,0.0
1000.0,9.555,56.0,9.0,0.0,0.0,0.0,9812.0,0.0
1000.0,9.556000000000001,57.0,8.0,0.0,0.0,0.0,9812.0,0.0
1000.0,9.557,57.0,8.0,0.0,0.0,0.0,9812.0,0.0
1000.0,9.558,57.0,8.0,0.0,0.0,0.0,9812.0,0.0
1000.0,9.559000000000001,57.0,8.0,0.0,0.0,0.0,9812.0,0.0
1000.0,9.56,57.0,8.0,0.0,0.0,0.0,9812.0,0.0
1000.0,9.561,57.0,8.0,0.0,0.0,0.0,9812.0,0.0
1000.0,9.562,57.0,8.0,0.0,0.0,0.0,9812.0,0.0
1000.0,9.563,57.0,8.0,0.0,0.0,0.0,9812.0,0.0
1000.0,9.564,58.0,7.0,0.0,0.0,0.0,9812.0,0.0
1000.0,9.565,58.0,7.0,0.0,0.0,0.0,9812.0,0.0
1000.0,9.566,58.0,7.0,0.0,0.0,0.0,9812.0,0.0
1000.0,9.567,58.0,7.0,0.0,0.0,0.0,9812.0,0.0
1000.0,9.568,58.0,7.0,0.0,0.0,0.0,9812.0,0.0
1000.0,9.569,59.0,6.0,0.0,0.0,0.0,9812.0,0.0
1000.0,9.57,59.0,6.0,0.0,0.0,0.0,9812.0,0.0
1000.0,9.571,59.0,6.0,0.0,0.0,0.0,9812.0,0.0
1000.0,9.572000000000001,60.0,5.0,0.0,0.0,0.0,9812.0,0.0
1000.0,9.573,59.0,6.0,0.0,0.0,0.0,9812.0,0.0
1000.0,9.574,59.0,6.0,0.0,0.0,0.0,9812.0,0.0
1000.0,9.575000000000001,59.0,6.0,0.0,0.0,0.0,9812.0,0.0
1000.0,9.576,59.0,6.0,0.0,0.0,0.0,9812.0,0.0
1000.0,9.577,60.0,5.0,0.0,0.0,0.0,9812.0,0.0
1000.0,9.578,60.0,5.0,0.0,0.0,0.0,9812.0,0.0
1000.0,9.579,61.0,4.0,0.0,0.0,0.0,9812.0,0.0
1000.0,9.58,61.0,4.0,0.0,0.0,0.0,9812.0,0.0
1000.0,9.581,60.0,5.0,0.0,0.0,0.0,9812.0,0.0
1000.0,9.582,60.0,5.0,0.0,0.0,0.0,9812.0,0.0
1000.0,9.583,60.0,5.0,0.0,0.0,0.0,9812.0,0.0
1000.0,9.584,60.0,5.0,0.0,0.0,0.0,9812.0,0.0
1000.0,9.585,60.0,5.0,0.0,0.0,0.0,9812.0,0.0
1000.0,9.586,60.0,5.0,0.0,0.0,0.0,9812.0,0.0
1000.0,9.587,60.0,5.0,0.0,0.0,0.0,9812.0,0.0
1000.0,9.588000000000001,60.0,5.0,0.0,0.0,0.0,9812.0,0.0
1000.0,9.589,60.0,5.0,0.0,0.0,0.0,9812.0,0.0
1000.0,9.59,60.0,5.0,0.0,0.0,0.0,9812.0,0.0
1000.0,9.591000000000001,60.0,5.0,0.0,0.0,0.0,9812.0,0.0
1000.0,9.592,60.0,5.0,0.0,0.0,0.0,9812.0,0.0
1000.0,9.593,60.0,5.0,0.0,0.0,0.0,9812.0,0.0
1000.0,9.594,60.0,5.0,0.0,0.0,0.0,9812.0,0.0
1000.0,9.595,60.0,5.0,0.0,0.0,0.0,9812.0,0.0
1000.0,9.596,60.0,5.0,0.0,0.0,0.0,9812.0,0.0
1000.0,9.597,60.0,5.0,0.0,0.0,0.0,9812.0,0.0
1000.0,9.598,60.0,5.0,0.0,0.0,0.0,9812.0,0.0
1000.0,9.599,60.0,5.0,0.0,0.0,0.0,9812.0,0.0
1000.0,9.6,60.0,5.0,0.0,0.0,0.0,9812.0,0.0
1000.0,9.601,60.0,5.0,0.0,0.0,0.0,9812.0,0.0
1000.0,9.602,61.0,4.0,0.0,0.0,0.0,9812.0,0.0
1000.0,9.603,61.0,4.0,0.0,0.0,0.0,9812.0,0.0
1000.0,9.604000000000001,61.0,4.0,0.0,0.0,0.0,9812.0,0.0
1000.0,9.605,60.0,5.0,0.0,0.0,0.0,9812.0,0.0
1000.0,9.606,60.0,5.0,0.0,0.0,0.0,9812.0,0.0
1000.0,9.607,60.0,5.0,0.0,0.0,0.0,9812.0,0.0
1000.0,9.608,60.0,5.0,0.0,0.0,0.0,9812.0,0.0
1000.0,9.609,60.0,5.0,0.0,0.0,0.0,9812.0,0.0
1000.0,9.61,59.0,6.0,0.0,0.0,0.0,9812.0,0.0
1000.0,9.611,59.0,6.0,0.0,0.0,0.0,9812.0,0.0
1000.0,9.612,60.0,5.0,0.0,0.0,0.0,9812.0,0.0
1000.0,9.613,60.0,5.0,0.0,0.0,0.0,9812.0,0.0
1000.0,9.614,59.0,6.0,0.0,0.0,0.0,9812.0,0.0
1000.0,9.615,59.0,6.0,0.0,0.0,0.0,9812.0,0.0
1000.0,9.616,59.0,6.0,0.0,0.0,0.0,9812.0,0.0
1000.0,9.617,59.0,6.0,0.0,0.0,0.0,9812.0,0.0
1000.0,9.618,60.0,5.0,0.0,0.0,0.0,9812.0,0.0
1000.0,9.619,61.0,4.0,0.0,0.0,0.0,9812.0,0.0
1000.0,9.620000000000001,61.0,4.0,0.0,0.0,0.0,9812.0,0.0
1000.0,9.621,61.0,4.0,0.0,0.0,0.0,9812.0,0.0
1000.0,9.622,59.0,6.0,0.0,0.0,0.0,9812.0,0.0
1000.0,9.623,60.0,5.0,0.0,0.0,0.0,9812.0,0.0
1000.0,9.624,60.0,5.0,0.0,0.0,0.0,9812.0,0.0
1000.0,9.625,60.0,5.0,0.0,0.0,0.0,9812.0,0.0
1000.0,9.626,60.0,5.0,0.0,0.0,0.0,9812.0,0.0
1000.0,9.627,60.0,5.0,0.0,0.0,0.0,9812.0,0.0
1000.0,9.628,60.0,5.0,0.0,0.0,0.0,9812.0,0.0
1000.0,9.629,60.0,5.0,0.0,0.0,0.0,9812.0,0.0
1000.0,9.63,60.0,5.0,0.0,0.0,0.0,9812.0,0.0
1000.0,9.631,60.0,5.0,0.0,0.0,0.0,9812.0,0.0
1000.0,9.632,60.0,5.0,0.0,0.0,0.0,9812.0,0.0
1000.0,9.633000000000001,60.0,5.0,0.0,0.0,0.0,9812.0,0.0
1000.0,9.634,60.0,5.0,0.0,0.0,0.0,9812.0,0.0
1000.0,9.635,60.0,5.0,0.0,0.0,0.0,9812.0,0.0
1000.0,9.636000000000001,60.0,5.0,0.0,0.0,0.0,9812.0,0.0
1000.0,9.637,59.0,6.0,0.0,0.0,0.0,9812.0,0.0
1000.0,9.638,59.0,6.0,0.0,0.0,0.0,9812.0,0.0
1000.0,9.639,59.0,6.0,0.0,0.0,0.0,9812.0,0.0
1000.0,9.64,59.0,6.0,0.0,0.0,0.0,9812.0,0.0
1000.0,9.641,59.0,6.0,0.0,0.0,0.0,9812.0,0.0
1000.0,9.642,59.0,6.0,0.0,0.0,0.0,9812.0,0.0
1000.0,9.643,59.0,6.0,0.0,0.0,0.0,9812.0,0.0
1000.0,9.644,59.0,6.0,0.0,0.0,0.0,9812.0,0.0
1000.0,9.645,59.0,6.0,0.0,0.0,0.0,9812.0,0.0
1000.0,9.646,58.0,7.0,0.0,0.0,0.0,9812.0,0.0
1000.0,9.647,58.0,7.0,0.0,0.0,0.0,9812.0,0.0
1000.0,9.648,58.0,7.0,0.0,0.0,0.0,9812.0,0.0
1000.0,9.649000000000001,58.0,7.0,0.0,0.0,0.0,9812.0,0.0
1000.0,9.65,57.0,8.0,0.0,0.0,0.0,9812.0,0.0
1000.0,9.651,57.0,8.0,0.0,0.0,0.0,9812.0,0.0
1000.0,9.652000000000001,57.0,8.0,0.0,0.0,0.0,9812.0,0.0
1000.0,9.653,58.0,7.0,0.0,0.0,0.0,9812.0,0.0
1000.0,9.654,58.0,7.0,0.0,0.0,0.0,9812.0,0.0
1000.0,9.655,58.0,7.0,0.0,0.0,0.0,9812.0,0.0
1000.0,9.656,57.0,8.0,0.0,0.0,0.0,9812.0,0.0
1000.0,9.657,57.0,8.0,0.0,0.0,0.0,9812.0,0.0
1000.0,9.658,58.0,7.0,0.0,0.0,0.0,9812.0,0.0
1000.0,9.659,58.0,7.0,0.0,0.0,0.0,9812.0,0.0
1000.0,9.66,58.0,7.0,0.0,0.0,0.0,9812.0,0.0
1000.0,9.661,58.0,7.0,0.0,0.0,0.0,9812.0,0.0
1000.0,9.662,58.0,7.0,0.0,0.0,0.0,9812.0,0.0
1000.0,9.663,58.0,7.0,0.0,0.0,0.0,9812.0,0.0
1000.0,9.664,58.0,7.0,0.0,0.0,0.0,9812.0,0.0
1000.0,9.665000000000001,58.0,7.0,0.0,0.0,0.0,9812.0,0.0
1000.0,9.666,59.0,6.0,0.0,0.0,0.0,9812.0,0.0
1000.0,9.667,60.0,5.0,0.0,0.0,0.0,9812.0,0.0
1000.0,9.668000000000001,60.0,5.0,0.0,0.0,0.0,9812.0,0.0
1000.0,9.669,60.0,5.0,0.0,0.0,0.0,9812.0,0.0
1000.0,9.67,60.0,5.0,0.0,0.0,0.0,9812.0,0.0
1000.0,9.671,60.0,5.0,0.0,0.0,0.0,9812.0,0.0
1000.0,9.672,60.0,5.0,0.0,0.0,0.0,9812.0,0.0
1000.0,9.673,60.0,5.0,0.0,0.0,0.0,9812.0,0.0
1000.0,9.674,60.0,5.0,0.0,0.0,0.0,9812.0,0.0
1000.0,9.675,60.0,5.0,0.0,0.0,0.0,9812.0,0.0
1000.0,9.676,60.0,5.0,0.0,0.0,0.0,9812.0,0.0
1000.0,9.677,60.0,5.0,0.0,0.0,0.0,9812.0,0.0
1000.0,9.678,60.0,5.0,0.0,0.0,0.0,9812.0,0.0
1000.0,9.679,60.0,5.0,0.0,0.0,0.0,9812.0,0.0
1000.0,9.68,59.0,6.0,0.0,0.0,0.0,9812.0,0.0
1000.0,9.681000000000001,59.0,6.0,0.0,0.0,0.0,9812.0,0.0
1000.0,9.682,59.0,6.0,0.0,0.0,0.0,9812.0,0.0
1000.0,9.683,59.0,6.0,0.0,0.0,0.0,9812.0,0.0
1000.0,9.684000000000001,60.0,5.0,0.0,0.0,0.0,9812.0,0.0
1000.0,9.685,60.0,5.0,0.0,0.0,0.0,9812.0,0.0
1000.0,9.686,60.0,5.0,0.0,0.0,0.0,9812.0,0.0
1000.0,9.687,60.0,5.0,0.0,0.0,0.0,9812.0,0.0
1000.0,9.688,60.0,5.0,0.0,0.0,0.0,9812.0,0.0
1000.0,9.689,60.0,5.0,0.0,0.0,0.0,9812.0,0.0
1000.0,9.69,59.0,6.0,0.0,0.0,0.0,9812.0,0.0
1000.0,9.691,59.0,6.0,0.0,0.0,0.0,9812.0,0.0
1000.0,9.692,59.0,6.0,0.0,0.0,0.0,9812.0,0.0
1000.0,9.693,59.0,6.0,0.0,0.0,0.0,9812.0,0.0
1000.0,9.694,59.0,6.0,0.0,0.0,0.0,9812.0,0.0
1000.0,9.695,59.0,6.0,0.0,0.0,0.0,9812.0,0.0
1000.0,9.696,59.0,6.0,0.0,0.0,0.0,9812.0,0.0
1000.0,9.697000000000001,59.0,6.0,0.0,0.0,0.0,9812.0,0.0
1000.0,9.698,60.0,5.0,0.0,0.0,0.0,9812.0,0.0
1000.0,9.699,60.0,5.0,0.0,0.0,0.0,9812.0,0.0
1000.0,9.700000000000001,60.0,5.0,0.0,0.0,0.0,9812.0,0.0
1000.0,9.701,59.0,6.0,0.0,0.0,0.0,9812.0,0.0
1000.0,9.702,59.0,6.0,0.0,0.0,0.0,9812.0,0.0
1000.0,9.703,60.0,5.0,0.0,0.0,0.0,9812.0,0.0
1000.0,9.704,61.0,4.0,0.0,0.0,0.0,9812.0,0.0
1000.0,9.705,60.0,5.0,0.0,0.0,0.0,9812.0,0.0
1000.0,9.706,60.0,5.0,0.0,0.0,0.0,9812.0,0.0
1000.0,9.707,60.0,5.0,0.0,0.0,0.0,9812.0,0.0
1000.0,9.708,60.0,5.0,0.0,0.0,0.0,9812.0,0.0
1000.0,9.709,60.0,5.0,0.0,0.0,0.0,9812.0,0.0
1000.0,9.71,60.0,5.0,0.0,0.0,0.0,9812.0,0.0
1000.0,9.711,60.0,5.0,0.0,0.0,0.0,9812.0,0.0
1000.0,9.712,61.0,4.0,0.0,0.0,0.0,9812.0,0.0
1000.0,9.713000000000001,61.0,4.0,0.0,0.0,0.0,9812.0,0.0
1000.0,9.714,61.0,4.0,0.0,0.0,0.0,9812.0,0.0
1000.0,9.715,60.0,5.0,0.0,0.0,0.0,9812.0,0.0
1000.0,9.716000000000001,59.0,6.0,0.0,0.0,0.0,9812.0,0.0
1000.0,9.717,58.0,7.0,0.0,0.0,0.0,9812.0,0.0
1000.0,9.718,59.0,6.0,0.0,0.0,0.0,9812.0,0.0
1000.0,9.719,59.0,6.0,0.0,0.0,0.0,9812.0,0.0
1000.0,9.72,59.0,6.0,0.0,0.0,0.0,9812.0,0.0
1000.0,9.721,59.0,6.0,0.0,0.0,0.0,9812.0,0.0
1000.0,9.722,59.0,6.0,0.0,0.0,0.0,9812.0,0.0
1000.0,9.723,60.0,5.0,0.0,0.0,0.0,9812.0,0.0
1000.0,9.724,60.0,5.0,0.0,0.0,0.0,9812.0,0.0
1000.0,9.725,59.0,6.0,0.0,0.0,0.0,9812.0,0.0
1000.0,9.726,59.0,6.0,0.0,0.0,0.0,9812.0,0.0
1000.0,9.727,59.0,6.0,0.0,0.0,0.0,9812.0,0.0
1000.0,9.728,59.0,6.0,0.0,0.0,0.0,9812.0,0.0
1000.0,9.729000000000001,59.0,6.0,0.0,0.0,0.0,9812.0,0.0
1000.0,9.73,60.0,5.0,0.0,0.0,0.0,9812.0,0.0
1000.0,9.731,59.0,6.0,0.0,0.0,0.0,9812.0,0.0
1000.0,9.732,60.0,5.0,0.0,0.0,0.0,9812.0,0.0
1000.0,9.733,60.0,5.0,0.0,0.0,0.0,9812.0,0.0
1000.0,9.734,60.0,5.0,0.0,0.0,0.0,9812.0,0.0
1000.0,9.735,60.0,5.0,0.0,0.0,0.0,9812.0,0.0
1000.0,9.736,60.0,5.0,0.0,0.0,0.0,9812.0,0.0
1000.0,9.737,60.0,5.0,0.0,0.0,0.0,9812.0,0.0
1000.0,9.738,60.0,4.0,1.0,0.0,0.0,9812.0,0.0
1000.0,9.739,60.0,4.0,1.0,0.0,0.0,9812.0,0.0
1000.0,9.74,60.0,4.0,1.0,0.0,0.0,9812.0,0.0
1000.0,9.741,60.0,4.0,1.0,0.0,0.0,9812.0,0.0
1000.0,9.742,60.0,4.0,1.0,0.0,0.0,9812.0,0.0
1000.0,9.743,60.0,4.0,1.0,0.0,0.0,9812.0,0.0
1000.0,9.744,60.0,4.0,1.0,0.0,0.0,9812.0,0.0
1000.0,9.745000000000001,59.0,4.0,2.0,0.0,0.0,9812.0,0.0
1000.0,9.746,59.0,4.0,2.0,0.0,0.0,9812.0,0.0
1000.0,9.747,59.0,4.0,2.0,0.0,0.0,9812.0,0.0
1000.0,9.748,59.0,4.0,2.0,0.0,0.0,9812.0,0.0
1000.0,9.749,59.0,4.0,2.0,0.0,0.0,9812.0,0.0
1000.0,9.75,59.0,5.0,1.0,0.0,0.0,9812.0,0.0
1000.0,9.751,59.0,5.0,1.0,0.0,0.0,9812.0,0.0
1000.0,9.752,59.0,5.0,1.0,0.0,0.0,9812.0,0.0
1000.0,9.753,59.0,5.0,1.0,0.0,0.0,9812.0,0.0
1000.0,9.754,59.0,5.0,1.0,0.0,0.0,9812.0,0.0
1000.0,9.755,59.0,5.0,1.0,0.0,0.0,9812.0,0.0
1000.0,9.756,59.0,5.0,1.0,0.0,0.0,9812.0,0.0
1000.0,9.757,60.0,4.0,1.0,0.0,0.0,9812.0,0.0
1000.0,9.758000000000001,59.0,5.0,1.0,0.0,0.0,9812.0,0.0
1000.0,9.759,59.0,5.0,1.0,0.0,0.0,9812.0,0.0
1000.0,9.76,59.0,5.0,1.0,0.0,0.0,9812.0,0.0
1000.0,9.761000000000001,59.0,5.0,1.0,0.0,0.0,9812.0,0.0
1000.0,9.762,59.0,5.0,1.0,0.0,0.0,9812.0,0.0
1000.0,9.763,60.0,4.0,1.0,0.0,0.0,9812.0,0.0
1000.0,9.764,60.0,4.0,1.0,0.0,0.0,9812.0,0.0
1000.0,9.765,60.0,4.0,1.0,0.0,0.0,9812.0,0.0
1000.0,9.766,60.0,4.0,1.0,0.0,0.0,9812.0,0.0
1000.0,9.767,60.0,5.0,0.0,0.0,0.0,9812.0,0.0
1000.0,9.768,60.0,5.0,0.0,0.0,0.0,9812.0,0.0
1000.0,9.769,60.0,5.0,0.0,0.0,0.0,9812.0,0.0
1000.0,9.77,61.0,4.0,0.0,0.0,0.0,9812.0,0.0
1000.0,9.771,61.0,4.0,0.0,0.0,0.0,9812.0,0.0
1000.0,9.772,61.0,4.0,0.0,0.0,0.0,9812.0,0.0
1000.0,9.773,61.0,4.0,0.0,0.0,0.0,9812.0,0.0
1000.0,9.774000000000001,61.0,4.0,0.0,0.0,0.0,9812.0,0.0
1000.0,9.775,62.0,3.0,0.0,0.0,0.0,9812.0,0.0
1000.0,9.776,62.0,3.0,0.0,0.0,0.0,9812.0,0.0
1000.0,9.777000000000001,62.0,3.0,0.0,0.0,0.0,9812.0,0.0
1000.0,9.778,62.0,3.0,0.0,0.0,0.0,9812.0,0.0
1000.0,9.779,62.0,3.0,0.0,0.0,0.0,9812.0,0.0
1000.0,9.78,63.0,2.0,0.0,0.0,0.0,9812.0,0.0
1000.0,9.781,63.0,2.0,0.0,0.0,0.0,9812.0,0.0
1000.0,9.782,63.0,2.0,0.0,0.0,0.0,9812.0,0.0
1000.0,9.783,63.0,2.0,0.0,0.0,0.0,9812.0,0.0
1000.0,9.784,63.0,2.0,0.0,0.0,0.0,9812.0,0.0
1000.0,9.785,63.0,2.0,0.0,0.0,0.0,9812.0,0.0
1000.0,9.786,63.0,2.0,0.0,0.0,0.0,9812.0,0.0
1000.0,9.787,63.0,2.0,0.0,0.0,0.0,9812.0,0.0
1000.0,9.788,63.0,2.0,0.0,0.0,0.0,9812.0,0.0
1000.0,9.789,63.0,2.0,0.0,0.0,0.0,9812.0,0.0
1000.0,9.790000000000001,62.0,3.0,0.0,0.0,0.0,9812.0,0.0
1000.0,9.791,62.0,3.0,0.0,0.0,0.0,9812.0,0.0
1000.0,9.792,62.0,3.0,0.0,0.0,0.0,9812.0,0.0
1000.0,9.793000000000001,62.0,3.0,0.0,0.0,0.0,9812.0,0.0
1000.0,9.794,62.0,3.0,0.0,0.0,0.0,9812.0,0.0
1000.0,9.795,62.0,3.0,0.0,0.0,0.0,9812.0,0.0
1000.0,9.796,62.0,3.0,0.0,0.0,0.0,9812.0,0.0
1000.0,9.797,61.0,4.0,0.0,0.0,0.0,9812.0,0.0
1000.0,9.798,61.0,4.0,0.0,0.0,0.0,9812.0,0.0
1000.0,9.799,61.0,4.0,0.0,0.0,0.0,9812.0,0.0
1000.0,9.8,61.0,4.0,0.0,0.0,0.0,9812.0,0.0
1000.0,9.801,61.0,4.0,0.0,0.0,0.0,9812.0,0.0
1000.0,9.802,61.0,4.0,0.0,0.0,0.0,9812.0,0.0
1000.0,9.803,61.0,4.0,0.0,0.0,0.0,9812.0,0.0
1000.0,9.804,61.0,4.0,0.0,0.0,0.0,9812.0,0.0
1000.0,9.805,60.0,5.0,0.0,0.0,0.0,9812.0,0.0
1000.0,9.806000000000001,60.0,5.0,0.0,0.0,0.0,9812.0,0.0
1000.0,9.807,59.0,6.0,0.0,0.0,0.0,9812.0,0.0
1000.0,9.808,59.0,6.0,0.0,0.0,0.0,9812.0,0.0
1000.0,9.809000000000001,59.0,6.0,0.0,0.0,0.0,9812.0,0.0
1000.0,9.81,60.0,5.0,0.0,0.0,0.0,9812.0,0.0
1000.0,9.811,60.0,5.0,0.0,0.0,0.0,9812.0,0.0
1000.0,9.812,60.0,5.0,0.0,0.0,0.0,9812.0,0.0
1000.0,9.813,60.0,5.0,0.0,0.0,0.0,9812.0,0.0
1000.0,9.814,60.0,5.0,0.0,0.0,0.0,9812.0,0.0
1000.0,9.815,60.0,5.0,0.0,0.0,0.0,9812.0,0.0
1000.0,9.816,60.0,5.0,0.0,0.0,0.0,9812.0,0.0
1000.0,9.817,60.0,5.0,0.0,0.0,0.0,9812.0,0.0
1000.0,9.818,60.0,5.0,0.0,0.0,0.0,9812.0,0.0
1000.0,9.819,60.0,5.0,0.0,0.0,0.0,9812.0,0.0
1000.0,9.82,61.0,4.0,0.0,0.0,0.0,9812.0,0.0
1000.0,9.821,61.0,4.0,0.0,0.0,0.0,9812.0,0.0
1000.0,9.822000000000001,61.0,4.0,0.0,0.0,0.0,9812.0,0.0
1000.0,9.823,61.0,4.0,0.0,0.0,0.0,9812.0,0.0
1000.0,9.824,61.0,4.0,0.0,0.0,0.0,9812.0,0.0
1000.0,9.825000000000001,61.0,4.0,0.0,0.0,0.0,9812.0,0.0
1000.0,9.826,59.0,6.0,0.0,0.0,0.0,9812.0,0.0
1000.0,9.827,59.0,6.0,0.0,0.0,0.0,9812.0,0.0
1000.0,9.828,59.0,6.0,0.0,0.0,0.0,9812.0,0.0
1000.0,9.829,59.0,6.0,0.0,0.0,0.0,9812.0,0.0
1000.0,9.83,59.0,6.0,0.0,0.0,0.0,9812.0,0.0
1000.0,9.831,59.0,6.0,0.0,0.0,0.0,9812.0,0.0
1000.0,9.832,59.0,6.0,0.0,0.0,0.0,9812.0,0.0
1000.0,9.833,59.0,6.0,0.0,0.0,0.0,9812.0,0.0
1000.0,9.834,59.0,6.0,0.0,0.0,0.0,9812.0,0.0
1000.0,9.835,59.0,6.0,0.0,0.0,0.0,9812.0,0.0
1000.0,9.836,59.0,6.0,0.0,0.0,0.0,9812.0,0.0
1000.0,9.837,59.0,6.0,0.0,0.0,0.0,9812.0,0.0
1000.0,9.838000000000001,59.0,6.0,0.0,0.0,0.0,9812.0,0.0
1000.0,9.839,59.0,6.0,0.0,0.0,0.0,9812.0,0.0
1000.0,9.84,58.0,7.0,0.0,0.0,0.0,9812.0,0.0
1000.0,9.841000000000001,58.0,7.0,0.0,0.0,0.0,9812.0,0.0
1000.0,9.842,57.0,8.0,0.0,0.0,0.0,9812.0,0.0
1000.0,9.843,57.0,8.0,0.0,0.0,0.0,9812.0,0.0
1000.0,9.844,57.0,8.0,0.0,0.0,0.0,9812.0,0.0
1000.0,9.845,57.0,8.0,0.0,0.0,0.0,9812.0,0.0
1000.0,9.846,57.0,8.0,0.0,0.0,0.0,9812.0,0.0
1000.0,9.847,57.0,8.0,0.0,0.0,0.0,9812.0,0.0
1000.0,9.848,56.0,9.0,0.0,0.0,0.0,9812.0,0.0
1000.0,9.849,57.0,8.0,0.0,0.0,0.0,9812.0,0.0
1000.0,9.85,57.0,8.0,0.0,0.0,0.0,9812.0,0.0
1000.0,9.851,57.0,8.0,0.0,0.0,0.0,9812.0,0.0
1000.0,9.852,59.0,6.0,0.0,0.0,0.0,9812.0,0.0
1000.0,9.853,59.0,6.0,0.0,0.0,0.0,9812.0,0.0
1000.0,9.854000000000001,59.0,6.0,0.0,0.0,0.0,9812.0,0.0
1000.0,9.855,59.0,6.0,0.0,0.0,0.0,9812.0,0.0
1000.0,9.856,58.0,7.0,0.0,0.0,0.0,9812.0,0.0
1000.0,9.857,58.0,7.0,0.0,0.0,0.0,9812.0,0.0
1000.0,9.858,57.0,8.0,0.0,0.0,0.0,9812.0,0.0
1000.0,9.859,57.0,8.0,0.0,0.0,0.0,9812.0,0.0
1000.0,9.86,58.0,7.0,0.0,0.0,0.0,9812.0,0.0
1000.0,9.861,57.0,8.0,0.0,0.0,0.0,9812.0,0.0
1000.0,9.862,57.0,8.0,0.0,0.0,0.0,9812.0,0.0
1000.0,9.863,57.0,8.0,0.0,0.0,0.0,9812.0,0.0
1000.0,9.864,57.0,8.0,0.0,0.0,0.0,9812.0,0.0
1000.0,9.865,57.0,8.0,0.0,0.0,0.0,9812.0,0.0
1000.0,9.866,57.0,8.0,0.0,0.0,0.0,9812.0,0.0
1000.0,9.867,56.0,9.0,0.0,0.0,0.0,9812.0,0.0
1000.0,9.868,56.0,9.0,0.0,0.0,0.0,9812.0,0.0
1000.0,9.869,56.0,9.0,0.0,0.0,0.0,9812.0,0.0
1000.0,9.870000000000001,56.0,9.0,0.0,0.0,0.0,9812.0,0.0
1000.0,9.871,56.0,9.0,0.0,0.0,0.0,9812.0,0.0
1000.0,9.872,56.0,9.0,0.0,0.0,0.0,9812.0,0.0
1000.0,9.873,56.0,9.0,0.0,0.0,0.0,9812.0,0.0
1000.0,9.874,56.0,9.0,0.0,0.0,0.0,9812.0,0.0
1000.0,9.875,57.0,8.0,0.0,0.0,0.0,9812.0,0.0
1000.0,9.876,57.0,8.0,0.0,0.0,0.0,9812.0,0.0
1000.0,9.877,57.0,8.0,0.0,0.0,0.0,9812.0,0.0
1000.0,9.878,57.0,8.0,0.0,0.0,0.0,9812.0,0.0
1000.0,9.879,57.0,8.0,0.0,0.0,0.0,9812.0,0.0
1000.0,9.88,56.0,9.0,0.0,0.0,0.0,9812.0,0.0
1000.0,9.881,55.0,10.0,0.0,0.0,0.0,9812.0,0.0
1000.0,9.882,55.0,10.0,0.0,0.0,0.0,9812.0,0.0
1000.0,9.883000000000001,55.0,10.0,0.0,0.0,0.0,9812.0,0.0
1000.0,9.884,54.0,11.0,0.0,0.0,0.0,9812.0,0.0
1000.0,9.885,54.0,11.0,0.0,0.0,0.0,9812.0,0.0
1000.0,9.886000000000001,54.0,11.0,0.0,0.0,0.0,9812.0,0.0
1000.0,9.887,54.0,11.0,0.0,0.0,0.0,9812.0,0.0
1000.0,9.888,54.0,11.0,0.0,0.0,0.0,9812.0,0.0
1000.0,9.889,55.0,10.0,0.0,0.0,0.0,9812.0,0.0
1000.0,9.89,55.0,10.0,0.0,0.0,0.0,9812.0,0.0
1000.0,9.891,55.0,10.0,0.0,0.0,0.0,9812.0,0.0
1000.0,9.892,55.0,10.0,0.0,0.0,0.0,9812.0,0.0
1000.0,9.893,55.0,10.0,0.0,0.0,0.0,9812.0,0.0
1000.0,9.894,55.0,10.0,0.0,0.0,0.0,9812.0,0.0
1000.0,9.895,55.0,10.0,0.0,0.0,0.0,9812.0,0.0
1000.0,9.896,55.0,10.0,0.0,0.0,0.0,9812.0,0.0
1000.0,9.897,55.0,10.0,0.0,0.0,0.0,9812.0,0.0
1000.0,9.898,57.0,8.0,0.0,0.0,0.0,9812.0,0.0
1000.0,9.899000000000001,57.0,8.0,0.0,0.0,0.0,9812.0,0.0
1000.0,9.9,57.0,8.0,0.0,0.0,0.0,9812.0,0.0
1000.0,9.901,56.0,9.0,0.0,0.0,0.0,9812.0,0.0
1000.0,9.902000000000001,56.0,9.0,0.0,0.0,0.0,9812.0,0.0
1000.0,9.903,56.0,9.0,0.0,0.0,0.0,9812.0,0.0
1000.0,9.904,56.0,9.0,0.0,0.0,0.0,9812.0,0.0
1000.0,9.905,56.0,9.0,0.0,0.0,0.0,9812.0,0.0
1000.0,9.906,56.0,9.0,0.0,0.0,0.0,9812.0,0.0
1000.0,9.907,56.0,9.0,0.0,0.0,0.0,9812.0,0.0
1000.0,9.908,57.0,8.0,0.0,0.0,0.0,9812.0,0.0
1000.0,9.909,58.0,7.0,0.0,0.0,0.0,9812.0,0.0
1000.0,9.91,58.0,7.0,0.0,0.0,0.0,9812.0,0.0
1000.0,9.911,58.0,7.0,0.0,0.0,0.0,9812.0,0.0
1000.0,9.912,59.0,6.0,0.0,0.0,0.0,9812.0,0.0
1000.0,9.913,61.0,4.0,0.0,0.0,0.0,9812.0,0.0
1000.0,9.914,61.0,4.0,0.0,0.0,0.0,9812.0,0.0
1000.0,9.915000000000001,61.0,4.0,0.0,0.0,0.0,9812.0,0.0
1000.0,9.916,60.0,5.0,0.0,0.0,0.0,9812.0,0.0
1000.0,9.917,60.0,5.0,0.0,0.0,0.0,9812.0,0.0
1000.0,9.918000000000001,60.0,5.0,0.0,0.0,0.0,9812.0,0.0
1000.0,9.919,60.0,5.0,0.0,0.0,0.0,9812.0,0.0
1000.0,9.92,60.0,5.0,0.0,0.0,0.0,9812.0,0.0
1000.0,9.921,60.0,5.0,0.0,0.0,0.0,9812.0,0.0
1000.0,9.922,60.0,5.0,0.0,0.0,0.0,9812.0,0.0
1000.0,9.923,60.0,5.0,0.0,0.0,0.0,9812.0,0.0
1000.0,9.924,59.0,6.0,0.0,0.0,0.0,9812.0,0.0
1000.0,9.925,59.0,6.0,0.0,0.0,0.0,9812.0,0.0
1000.0,9.926,59.0,6.0,0.0,0.0,0.0,9812.0,0.0
1000.0,9.927,59.0,6.0,0.0,0.0,0.0,9812.0,0.0
1000.0,9.928,59.0,6.0,0.0,0.0,0.0,9812.0,0.0
1000.0,9.929,59.0,6.0,0.0,0.0,0.0,9812.0,0.0
1000.0,9.93,59.0,6.0,0.0,0.0,0.0,9812.0,0.0
1000.0,9.931000000000001,59.0,6.0,0.0,0.0,0.0,9812.0,0.0
1000.0,9.932,59.0,6.0,0.0,0.0,0.0,9812.0,0.0
1000.0,9.933,59.0,6.0,0.0,0.0,0.0,9812.0,0.0
1000.0,9.934000000000001,59.0,6.0,0.0,0.0,0.0,9812.0,0.0
1000.0,9.935,59.0,6.0,0.0,0.0,0.0,9812.0,0.0
1000.0,9.936,59.0,6.0,0.0,0.0,0.0,9812.0,0.0
1000.0,9.937,59.0,6.0,0.0,0.0,0.0,9812.0,0.0
1000.0,9.938,60.0,5.0,0.0,0.0,0.0,9812.0,0.0
1000.0,9.939,60.0,5.0,0.0,0.0,0.0,9812.0,0.0
1000.0,9.94,60.0,5.0,0.0,0.0,0.0,9812.0,0.0
1000.0,9.941,60.0,5.0,0.0,0.0,0.0,9812.0,0.0
1000.0,9.942,60.0,5.0,0.0,0.0,0.0,9812.0,0.0
1000.0,9.943,59.0,6.0,0.0,0.0,0.0,9812.0,0.0
1000.0,9.944,59.0,6.0,0.0,0.0,0.0,9812.0,0.0
1000.0,9.945,59.0,6.0,0.0,0.0,0.0,9812.0,0.0
1000.0,9.946,59.0,6.0,0.0,0.0,0.0,9812.0,0.0
1000.0,9.947000000000001,59.0,6.0,0.0,0.0,0.0,9812.0,0.0
1000.0,9.948,60.0,5.0,0.0,0.0,0.0,9812.0,0.0
1000.0,9.949,60.0,5.0,0.0,0.0,0.0,9812.0,0.0
1000.0,9.950000000000001,60.0,5.0,0.0,0.0,0.0,9812.0,0.0
1000.0,9.951,60.0,5.0,0.0,0.0,0.0,9812.0,0.0
1000.0,9.952,60.0,5.0,0.0,0.0,0.0,9812.0,0.0
1000.0,9.953,60.0,5.0,0.0,0.0,0.0,9812.0,0.0
1000.0,9.954,60.0,5.0,0.0,0.0,0.0,9812.0,0.0
1000.0,9.955,60.0,5.0,0.0,0.0,0.0,9812.0,0.0
1000.0,9.956,60.0,5.0,0.0,0.0,0.0,9812.0,0.0
1000.0,9.957,60.0,5.0,0.0,0.0,0.0,9812.0,0.0
1000.0,9.958,60.0,5.0,0.0,0.0,0.0,9812.0,0.0
1000.0,9.959,60.0,5.0,0.0,0.0,0.0,9812.0,0.0
1000.0,9.96,60.0,5.0,0.0,0.0,0.0,9812.0,0.0
1000.0,9.961,60.0,5.0,0.0,0.0,0.0,9812.0,0.0
1000.0,9.962,60.0,5.0,0.0,0.0,0.0,9812.0,0.0
1000.0,9.963000000000001,60.0,5.0,0.0,0.0,0.0,9812.0,0.0
1000.0,9.964,61.0,4.0,0.0,0.0,0.0,9812.0,0.0
1000.0,9.965,61.0,4.0,0.0,0.0,0.0,9812.0,0.0
1000.0,9.966000000000001,60.0,5.0,0.0,0.0,0.0,9812.0,0.0
1000.0,9.967,60.0,5.0,0.0,0.0,0.0,9812.0,0.0
1000.0,9.968,60.0,5.0,0.0,0.0,0.0,9812.0,0.0
1000.0,9.969,59.0,6.0,0.0,0.0,0.0,9812.0,0.0
1000.0,9.97,59.0,6.0,0.0,0.0,0.0,9812.0,0.0
1000.0,9.971,59.0,6.0,0.0,0.0,0.0,9812.0,0.0
1000.0,9.972,59.0,6.0,0.0,0.0,0.0,9812.0,0.0
1000.0,9.973,59.0,6.0,0.0,0.0,0.0,9812.0,0.0
1000.0,9.974,58.0,7.0,0.0,0.0,0.0,9812.0,0.0
1000.0,9.975,58.0,7.0,0.0,0.0,0.0,9812.0,0.0
1000.0,9.976,58.0,7.0,0.0,0.0,0.0,9812.0,0.0
1000.0,9.977,59.0,6.0,0.0,0.0,0.0,9812.0,0.0
1000.0,9.978,59.0,6.0,0.0,0.0,0.0,9812.0,0.0
1000.0,9.979000000000001,59.0,6.0,0.0,0.0,0.0,9812.0,0.0
1000.0,9.98,59.0,6.0,0.0,0.0,0.0,9812.0,0.0
1000.0,9.981,59.0,6.0,0.0,0.0,0.0,9812.0,0.0
1000.0,9.982000000000001,59.0,6.0,0.0,0.0,0.0,9812.0,0.0
1000.0,9.983,59.0,6.0,0.0,0.0,0.0,9812.0,0.0
1000.0,9.984,59.0,6.0,0.0,0.0,0.0,9812.0,0.0
1000.0,9.985,59.0,6.0,0.0,0.0,0.0,9812.0,0.0
1000.0,9.986,59.0,5.0,1.0,0.0,0.0,9812.0,0.0
1000.0,9.987,59.0,5.0,1.0,0.0,0.0,9812.0,0.0
1000.0,9.988,59.0,5.0,1.0,0.0,0.0,9812.0,0.0
1000.0,9.989,59.0,5.0,1.0,0.0,0.0,9812.0,0.0
1000.0,9.99,59.0,6.0,0.0,0.0,0.0,9812.0,0.0
1000.0,9.991,59.0,6.0,0.0,0.0,0.0,9812.0,0.0
1000.0,9.992,59.0,6.0,0.0,0.0,0.0,9812.0,0.0
1000.0,9.993,59.0,6.0,0.0,0.0,0.0,9812.0,0.0
1000.0,9.994,59.0,6.0,0.0,0.0,0.0,9812.0,0.0
1000.0,9.995000000000001,59.0,6.0,0.0,0.0,0.0,9812.0,0.0
1000.0,9.996,59.0,6.0,0.0,0.0,0.0,9812.0,0.0
1000.0,9.997,59.0,6.0,0.0,0.0,0.0,9812.0,0.0
1000.0,9.998,59.0,6.0,0.0,0.0,0.0,9812.0,0.0
1000.0,9.999,59.0,6.0,0.0,0.0,0.0,9812.0,0.0
1000.0,10.0,59.0,6.0,0.0,0.0,0.0,9812.0,0.0
